username,email,phone,role,created,verified_email
Aadhya294,aadhya294@example.org,+912720342052,user,2024-10-16 11:42:02,1
Aadhya418,aadhya418@outlook.com,+919865279661,user,2024-09-17 11:42:02,1
Aadhya440,aadhya440@gmail.com,+917942482438,user,2026-01-23 11:42:02,1
Aadhya505,aadhya505@student.edu,+913111809648,user,2025-05-29 11:42:02,1
Aarav171,aarav171@gmail.com,+919462510624,user,2025-03-19 11:42:02,1
Aarav25,aarav25@outlook.com,+913760386268,user,2026-02-13 11:42:02,1
Aarav325,aarav325@gmail.com,+912262247357,user,2024-08-26 11:42:02,1
Aarav474,aarav474@example.org,+911380551729,user,2026-02-16 11:42:02,1
Aarav480,aarav480@outlook.com,+917023236116,user,2024-10-01 11:42:02,1
Aarav485,aarav485@example.org,+912635301907,user,2024-10-22 11:42:02,1
Aarav824,aarav824@icloud.com,+916833397626,user,2025-10-21 11:42:02,1
Aarav875,aarav875@example.org,+910332283271,user,2025-05-30 11:42:02,1
Aditya179,aditya179@outlook.com,+916472711130,user,2025-09-16 11:42:02,1
Aditya246,aditya246@gmail.com,+914572016051,user,2024-10-08 11:42:02,1
Aditya340,aditya340@example.org,+915622152244,user,2025-02-25 11:42:02,1
Aditya45,aditya45@outlook.com,+916611992721,user,2024-12-18 11:42:02,1
Aditya530,aditya530@student.edu,+913147492328,user,2025-01-27 11:42:02,1
Aditya656,aditya656@gmail.com,+914737332320,user,2025-03-23 11:42:02,1
Anaya293,anaya293@student.edu,+911450189420,user,2024-08-09 11:42:02,1
Anaya339,anaya339@gmail.com,+911636858902,user,2025-03-14 11:42:02,1
Anaya861,anaya861@outlook.com,+914684751228,user,2025-11-10 11:42:02,1
Anaya874,anaya874@gmail.com,+910749203392,user,2025-02-28 11:42:02,1
Arjun116,arjun116@icloud.com,+912921763459,user,2026-02-12 11:42:02,1
Arjun421,arjun421@gmail.com,+913081511454,user,2025-11-13 11:42:02,1
Arjun635,arjun635@gmail.com,+914342697256,user,2025-10-25 11:42:02,1
Arjun667,arjun667@gmail.com,+917170874927,user,2025-07-16 11:42:02,1
Arjun893,arjun893@student.edu,+910339984851,user,2024-11-04 11:42:02,1
Atharv240,atharv240@example.org,+917915398703,user,2024-08-25 11:42:02,1
Atharv528,atharv528@student.edu,+918651353369,user,2025-01-15 11:42:02,1
Atharv900,atharv900@gmail.com,+913218613745,user,2025-09-25 11:42:02,1
Atharv96,atharv96@outlook.com,+916767425169,user,2026-02-02 11:42:02,1
Avni300,avni300@example.org,+918379482649,user,2025-05-14 11:42:02,1
Avni545,avni545@icloud.com,+912263531470,user,2026-02-06 11:42:02,1
Avni579,avni579@student.edu,+914066446738,user,2025-09-28 11:42:02,1
Avni631,avni631@outlook.com,+915817471176,user,2024-09-08 11:42:02,1
Avni724,avni724@student.edu,+913669009266,user,2025-01-23 11:42:02,1
Avni845,avni845@outlook.com,+916765845098,user,2024-10-16 11:42:02,1
Avni870,avni870@example.org,+916288864983,admin,2024-11-27 11:42:02,1
Dhruv10,dhruv10@icloud.com,+917151641299,user,2026-02-22 11:42:02,1
Dhruv146,dhruv146@example.org,+911657026286,user,2024-12-24 11:42:02,1
Dhruv667,dhruv667@gmail.com,+911202718023,user,2025-10-23 11:42:02,1
Dhruv830,dhruv830@gmail.com,+910656261736,user,2025-03-08 11:42:02,1
Diya183,diya183@gmail.com,+917091746371,user,2024-09-30 11:42:02,1
Diya283,diya283@student.edu,+913672019366,user,2025-04-13 11:42:02,1
Diya284,diya284@icloud.com,+911689445026,user,2025-05-18 11:42:02,1
Diya317,diya317@icloud.com,+916751090176,user,2025-01-12 11:42:02,1
Diya389,diya389@outlook.com,+917501763949,user,2024-12-01 11:42:02,1
Diya451,diya451@example.org,+914373170441,user,2024-08-28 11:42:02,1
Diya497,diya497@gmail.com,+912308372734,user,2025-03-03 11:42:02,1
Diya59,diya59@example.org,+918746915169,user,2025-10-17 11:42:02,1
Diya60,diya60@outlook.com,+912274259070,user,2025-03-26 11:42:02,1
Diya637,diya637@outlook.com,+913852611121,user,2024-09-14 11:42:02,1
Diya727,diya727@gmail.com,+918576849945,user,2025-12-24 11:42:02,1
Ira249,ira249@icloud.com,+914997402883,user,2025-05-20 11:42:02,1
Ira275,ira275@example.org,+916762378984,user,2025-09-26 11:42:02,1
Ira409,ira409@student.edu,+915009426316,user,2025-01-12 11:42:02,1
Ira910,ira910@student.edu,+911551019108,user,2024-11-19 11:42:02,1
Ira967,ira967@gmail.com,+910764519624,user,2026-02-12 11:42:02,1
Ishaan207,ishaan207@outlook.com,+916077956261,user,2024-10-08 11:42:02,1
Ishaan224,ishaan224@outlook.com,+916487115243,user,2025-05-26 11:42:02,1
Ishaan231,ishaan231@student.edu,+914032033845,user,2024-09-12 11:42:02,1
Ishaan24,ishaan24@example.org,+910398985325,user,2024-07-27 11:42:02,1
Ishaan257,ishaan257@outlook.com,+918533063723,user,2025-06-27 11:42:02,1
Ishaan372,ishaan372@icloud.com,+912938055612,user,2024-09-02 11:42:02,1
Ishaan572,ishaan572@icloud.com,+912537544168,user,2025-04-23 11:42:02,1
Ishaan627,ishaan627@gmail.com,+913307972401,user,2024-07-23 11:42:02,1
Ishaan944,ishaan944@example.org,+917876534085,admin,2024-08-26 11:42:02,1
Ishaan969,ishaan969@student.edu,+918203528288,user,2024-09-01 11:42:02,1
Kabir26,kabir26@outlook.com,+918583183969,user,2024-09-08 11:42:02,1
Kabir308,kabir308@example.org,+917929687959,user,2025-04-11 11:42:02,1
Kabir32,kabir32@example.org,+919261154407,user,2024-10-11 11:42:02,1
Kabir484,kabir484@example.org,+913414847267,user,2025-02-07 11:42:02,1
Kabir525,kabir525@student.edu,+916889920350,user,2025-04-06 11:42:02,1
Kabir531,kabir531@example.org,+915095785825,user,2025-01-08 11:42:02,1
Kabir61,kabir61@gmail.com,+919925385719,user,2024-12-07 11:42:02,1
Kabir793,kabir793@icloud.com,+915500742684,user,2026-02-21 11:42:02,1
Kabir906,kabir906@student.edu,+913844922999,user,2025-02-17 11:42:02,1
Kabir922,kabir922@outlook.com,+913341343588,user,2025-01-16 11:42:02,1
Kiaan117,kiaan117@example.org,+911996001311,user,2025-11-16 11:42:02,1
Kiaan460,kiaan460@icloud.com,+918504382833,user,2026-02-26 11:42:02,1
Kiaan774,kiaan774@gmail.com,+913424174892,user,2024-08-26 11:42:02,1
Kiara14,kiara14@outlook.com,+910808432558,user,2026-01-10 11:42:02,1
Kiara397,kiara397@outlook.com,+916740532109,user,2025-10-02 11:42:02,1
Kiara44,kiara44@outlook.com,+914317253185,user,2026-01-17 11:42:02,1
Kiara616,kiara616@student.edu,+912628543977,user,2025-07-23 11:42:02,1
Kiara711,kiara711@student.edu,+915112510632,user,2024-12-18 11:42:02,1
Kiara714,kiara714@student.edu,+917116110330,user,2026-03-05 11:42:02,1
Kiara937,kiara937@outlook.com,+911013703904,user,2025-01-30 11:42:02,1
Kiara950,kiara950@example.org,+912835248743,user,2024-09-30 11:42:02,1
Myra116,myra116@gmail.com,+919092131588,admin,2024-09-27 11:42:02,1
Myra298,myra298@student.edu,+910260505752,user,2025-12-16 11:42:02,1
Myra407,myra407@student.edu,+919996417106,user,2025-10-12 11:42:02,1
Myra89,myra89@outlook.com,+915528117585,user,2025-07-21 11:42:02,1
Pari23,pari23@outlook.com,+915003455506,user,2025-03-19 11:42:02,1
Pari465,pari465@icloud.com,+912732797971,user,2024-11-22 11:42:02,1
Pari586,pari586@gmail.com,+917222119032,user,2025-12-04 11:42:02,1
Pari869,pari869@icloud.com,+915303089526,user,2025-03-19 11:42:02,1
Reyansh444,reyansh444@icloud.com,+912464694741,user,2026-02-20 11:42:02,1
Riya313,riya313@example.org,+919006547037,admin,2025-08-25 11:42:02,1
Riya340,riya340@outlook.com,+913613008777,user,2024-10-11 11:42:02,1
Riya442,riya442@outlook.com,+910976316416,user,2025-02-20 11:42:02,1
Riya897,riya897@student.edu,+913741679167,user,2025-01-22 11:42:02,1
Riya933,riya933@outlook.com,+911262590529,user,2025-01-17 11:42:02,1
Riya941,riya941@outlook.com,+915535058286,user,2024-07-23 11:42:02,1
Riya945,riya945@student.edu,+911892561654,user,2024-08-18 11:42:02,1
Riya969,riya969@outlook.com,+918027589791,user,2025-01-31 11:42:02,1
SG SHISHIR,svdgamerz3@gmail.com,,user,2026-03-13 00:37:31,1
Sara194,sara194@gmail.com,+912542729056,user,2025-11-18 11:42:02,1
Sara239,sara239@student.edu,+912509678233,user,2025-01-22 11:42:02,1
Sara285,sara285@student.edu,+910545955325,user,2025-07-04 11:42:02,1
Sara662,sara662@outlook.com,+910177484056,user,2025-07-21 11:42:02,1
Sara919,sara919@icloud.com,+915111754206,user,2025-11-23 11:42:02,1
Vihaan113,vihaan113@gmail.com,+916274735667,user,2026-02-21 11:42:02,1
Vihaan132,vihaan132@gmail.com,+913227410714,user,2025-10-09 11:42:02,1
Vihaan16,vihaan16@icloud.com,+911877714058,user,2026-02-14 11:42:02,1
Vihaan317,vihaan317@outlook.com,+914013878163,user,2026-01-29 11:42:02,1
Vihaan431,vihaan431@icloud.com,+915746916899,user,2026-01-30 11:42:02,1
Vihaan485,vihaan485@outlook.com,+915726614574,user,2024-12-04 11:42:02,1
Vihaan738,vihaan738@icloud.com,+919883137231,user,2025-05-15 11:42:02,1
Vihaan751,vihaan751@outlook.com,+919596427628,user,2024-09-03 11:42:02,1
Vihaan888,vihaan888@icloud.com,+919338503148,user,2025-11-16 11:42:02,1
shishir,shishirbhavsar4@gmail.com,+917400301950,admin,2026-03-12 13:02:30,0
shishir1,,,user,2026-03-12 13:03:48,0
